viscosity,Particle_density(g cm-3),Fluid_density (g cm-3),Diameter(cm),Shapefactor,Reynoldsnumber,C_d_exp
6.685,2.68,1.25,0.248,0.806,0.0263,1156.313
6.685,2.68,1.25,0.496,0.806,0.2209,131.101
6.685,2.68,1.25,0.744,0.806,0.7229,41.301
6.685,2.68,1.25,0.993,0.806,1.5813,20.46
6.685,2.68,1.25,1.241,0.806,2.8048,12.701
6.685,4.45,1.25,0.248,0.806,0.0646,427.991
6.685,4.45,1.25,0.496,0.806,0.4921,59.085
6.685,4.45,1.25,0.744,0.806,1.5005,21.45
6.685,4.45,1.25,0.993,0.806,3.1223,11.743
6.685,4.45,1.25,1.241,0.806,5.291,7.987
6.685,7.96,1.25,0.248,0.806,0.1307,219.607
6.685,7.96,1.25,0.496,0.806,0.949,33.318
6.685,7.96,1.25,0.744,0.806,2.7974,12.942
6.685,7.96,1.25,0.993,0.806,5.6408,7.544
6.685,7.96,1.25,1.241,0.806,9.3037,5.417
2.89,2.68,1.237,0.248,0.806,0.1434,207.747
2.89,2.68,1.237,0.496,0.806,1.0664,30.049
2.89,2.68,1.237,0.744,0.806,3.1672,11.496
2.89,2.68,1.237,0.993,0.806,6.3896,6.695
2.89,2.68,1.237,1.241,0.806,10.6901,4.672
2.89,4.45,1.237,0.248,0.806,0.3285,88.103
2.89,4.45,1.237,0.496,0.806,2.1794,16.017
2.89,4.45,1.237,0.744,0.806,5.9457,7.263
2.89,4.45,1.237,0.993,0.806,11.4864,4.613
2.89,4.45,1.237,1.241,0.806,18.5426,3.457
2.89,7.96,1.237,0.248,0.806,0.6408,48.46
2.89,7.96,1.237,0.496,0.806,4.0013,9.943
2.89,7.96,1.237,0.744,0.806,10.4214,4.947
2.89,7.96,1.237,0.993,0.806,19.7595,3.262
2.89,7.96,1.237,1.241,0.806,31.6703,2.48
2.89,2.68,1.224,0.248,0.806,0.2792,54.703
2.89,2.68,1.224,0.496,0.806,1.8546,9.919
2.89,2.68,1.224,0.744,0.806,4.91,4.776
2.89,2.68,1.224,0.993,0.806,9.4739,3.041
2.89,2.68,1.224,1.241,0.806,15.2703,2.286
2.89,4.45,1.224,0.248,0.806,0.6278,23.975
2.89,4.45,1.224,0.496,0.806,3.513,6.125
2.89,4.45,1.224,0.744,0.806,8.8353,3.268
2.89,4.45,1.224,0.993,0.806,16.4494,2.235
2.89,4.45,1.224,1.241,0.806,25.7184,1.786
2.89,7.96,1.224,0.248,0.806,1.1518,14.87
2.89,7.96,1.224,0.496,0.806,6.1452,4.179
2.89,7.96,1.224,0.744,0.806,14.832,2.421
2.89,7.96,1.224,0.993,0.806,26.6394,1.779
2.89,7.96,1.224,1.241,0.806,41.2462,1.45
2.89,2.68,1.25,0.196,0.697,0.0277,2744.803
2.89,2.68,1.25,0.391,0.697,0.2263,327.872
2.89,2.68,1.25,0.587,0.697,0.6519,133.384
2.89,2.68,1.25,0.783,0.697,1.4393,64.864
2.89,4.45,1.25,0.196,0.697,0.066,1077.322
2.89,4.45,1.25,0.391,0.697,0.4538,182.514
2.89,4.45,1.25,0.587,0.697,1.3546,69.129
2.89,4.45,1.25,0.783,0.697,2.8537,36.922
2.89,7.96,1.25,0.196,0.697,0.1177,711.341
2.89,7.96,1.25,0.391,0.697,0.8816,101.395
2.89,7.96,1.25,0.587,0.697,2.661,37.565
2.89,7.96,1.25,0.783,0.697,5.4727,21.052
2.89,2.68,1.237,0.196,0.697,0.0609,565.615
2.89,2.68,1.237,0.391,0.697,0.4832,71.851
2.89,2.68,1.237,0.587,0.697,1.3229,32.344
2.89,2.68,1.237,0.783,0.697,2.7034,18.36
2.89,4.45,1.237,0.196,0.697,0.1265,291.663
2.89,4.45,1.237,0.391,0.697,0.9389,42.362
2.89,4.45,1.237,0.587,0.697,2.5135,19.951
2.89,4.45,1.237,0.783,0.697,4.912,12.383
2.89,7.96,1.237,0.196,0.697,0.2539,151.566
2.89,7.96,1.237,0.391,0.697,1.6723,27.942
2.89,7.96,1.237,0.587,0.697,4.4648,13.23
2.89,7.96,1.237,0.783,0.697,8.5213,8.609
1.35,2.68,1.224,0.196,0.697,0.2615,140.305
1.35,2.68,1.224,0.391,0.697,1.8043,23.573
1.35,2.68,1.224,0.587,0.697,4.6037,12.221
1.35,2.68,1.224,0.783,0.697,8.7365,8.044
1.35,4.45,1.224,0.196,0.697,0.5531,69.47
1.35,4.45,1.224,0.391,0.697,3.372,14.954
1.35,4.45,1.224,0.587,0.697,8.1674,8.603
1.35,4.45,1.224,0.783,0.697,14.9457,6.09
1.35,7.96,1.224,0.196,0.697,1.0299,41.837
1.35,7.96,1.224,0.391,0.697,5.6117,11.274
1.35,7.96,1.224,0.587,0.697,13.6921,6.392
1.35,7.96,1.224,0.783,0.697,24.6547,4.673
6.685,2.68,1.25,0.165,0.779,0.0079,3750.009
6.685,2.68,1.25,0.33,0.779,0.064,459.751
6.685,2.68,1.25,0.495,0.779,0.2047,151.743
6.685,2.68,1.25,0.66,0.779,0.4478,75.13
6.685,2.68,1.25,0.991,0.779,1.4089,25.617
6.685,4.45,1.25,0.165,0.779,0.0163,1993.029
6.685,4.45,1.25,0.33,0.779,0.1348,231.94
6.685,4.45,1.25,0.495,0.779,0.4084,85.276
6.685,4.45,1.25,0.66,0.779,0.9064,41.044
6.685,4.45,1.25,0.991,0.779,2.5709,17.217
6.685,7.96,1.25,0.165,0.779,0.0375,787.404
6.685,7.96,1.25,0.33,0.779,0.2706,120.664
6.685,7.96,1.25,0.495,0.779,0.8323,43.061
6.685,7.96,1.25,0.66,0.779,1.7814,22.278
6.685,7.96,1.25,0.991,0.779,4.7701,10.487
2.89,2.68,1.237,0.165,0.779,0.0457,602.394
2.89,2.68,1.237,0.33,0.779,0.3152,101.312
2.89,2.68,1.237,0.495,0.779,0.9512,37.542
2.89,2.68,1.237,0.66,0.779,2.0342,19.455
2.89,2.68,1.237,0.991,0.779,5.5981,8.67
2.89,4.45,1.237,0.165,0.779,0.0857,381.001
2.89,4.45,1.237,0.33,0.779,0.652,52.709
2.89,4.45,1.237,0.495,0.779,1.855,21.978
2.89,4.45,1.237,0.66,0.779,3.7886,12.489
2.89,4.45,1.237,0.991,0.779,9.5427,6.644
2.89,7.96,1.237,0.165,0.779,0.1749,191.597
2.89,7.96,1.237,0.33,0.779,1.2399,30.496
2.89,7.96,1.237,0.495,0.779,3.4471,13.317
2.89,7.96,1.237,0.66,0.779,6.7509,8.23
2.89,7.96,1.237,0.991,0.779,16.3408,4.741
1.35,2.68,1.224,0.165,0.779,0.1811,175.45
1.35,2.68,1.224,0.33,0.779,1.2793,28.133
1.35,2.68,1.224,0.495,0.779,3.5117,12.602
1.35,2.68,1.224,0.66,0.779,6.8697,7.806
1.35,2.68,1.224,0.991,0.779,17.2021,4.201
1.35,4.45,1.224,0.165,0.779,0.3742,91.064
1.35,4.45,1.224,0.33,0.779,2.4639,16.806
1.35,4.45,1.224,0.495,0.779,6.3557,8.524
1.35,4.45,1.224,0.66,0.779,12.0748,5.598
1.35,4.45,1.224,0.991,0.779,28.1801,3.469
1.35,7.96,1.224,0.165,0.779,0.7325,49.631
1.35,7.96,1.224,0.33,0.779,4.4008,10.999
1.35,7.96,1.224,0.495,0.779,10.9646,5.98
1.35,7.96,1.224,0.66,0.779,20.1719,4.188
1.35,7.96,1.224,0.991,0.779,45.8912,2.731
6.685,2.68,1.25,0.335,0.64,0.0534,687.818
6.685,2.68,1.25,0.669,0.64,0.4193,89.259
6.685,2.68,1.25,1.004,0.64,1.248,34.011
6.685,2.68,1.25,1.339,0.64,2.5294,19.626
6.685,4.45,1.25,0.335,0.64,0.1087,371.614
6.685,4.45,1.25,0.669,0.64,0.8712,46.274
6.685,4.45,1.25,1.004,0.64,2.4384,19.937
6.685,4.45,1.25,1.339,0.64,4.7792,12.302
6.685,7.96,1.25,0.335,0.64,0.2458,152.423
6.685,7.96,1.25,0.669,0.64,1.6352,27.544
6.685,7.96,1.25,1.004,0.64,4.3723,13.002
6.685,7.96,1.25,1.339,0.64,8.2482,8.66
2.89,2.68,1.237,0.335,0.64,0.2841,129.834
2.89,2.68,1.237,0.669,0.64,1.8864,23.568
2.89,2.68,1.237,1.004,0.64,5.0459,11.116
2.89,2.68,1.237,1.339,0.64,9.4557,7.504
2.89,4.45,1.237,0.335,0.64,0.5373,80.866
2.89,4.45,1.237,0.669,0.64,3.575,14.61
2.89,4.45,1.237,1.004,0.64,8.8425,8.06
2.89,4.45,1.237,1.339,0.64,16.1415,5.733
2.89,7.96,1.237,0.335,0.64,1.1118,39.514
2.89,7.96,1.237,0.669,0.64,6.023,10.771
2.89,7.96,1.237,1.004,0.64,14.407,6.353
2.89,7.96,1.237,1.339,0.64,25.6717,4.743
1.35,2.68,1.224,0.335,0.64,1.1026,39.451
1.35,2.68,1.224,0.669,0.64,6.2901,9.698
1.35,2.68,1.224,1.004,0.64,15.1435,5.647
1.35,2.68,1.224,1.339,0.64,26.9487,4.227
1.35,4.45,1.224,0.335,0.64,2.0383,25.578
1.35,4.45,1.224,0.669,0.64,11.1052,6.894
1.35,4.45,1.224,1.004,0.64,25.055,4.571
1.35,4.45,1.224,1.339,0.64,44.0122,3.511
1.35,7.96,1.224,0.335,0.64,3.9169,14.464
1.35,7.96,1.224,0.669,0.64,17.636,5.707
1.35,7.96,1.224,1.004,0.64,39.4489,3.85
1.35,7.96,1.224,1.339,0.64,66.5827,3.203
6.685,2.68,1.25,0.238,0.756,0.0217,1504.349
6.685,2.68,1.25,0.476,0.756,0.1799,174.638
6.685,2.68,1.25,0.714,0.756,0.5597,60.884
6.685,2.68,1.25,0.952,0.756,1.2152,30.611
6.685,2.68,1.25,1.429,0.756,3.4096,13.123
6.685,4.45,1.25,0.238,0.756,0.0476,696.399
6.685,4.45,1.25,0.476,0.756,0.3636,95.637
6.685,4.45,1.25,0.714,0.756,1.1741,30.958
6.685,4.45,1.25,0.952,0.756,2.4173,17.311
6.685,4.45,1.25,1.429,0.756,6.2991,8.604
6.685,7.96,1.25,0.476,0.756,0.7797,43.606
6.685,7.96,1.25,0.714,0.756,2.2195,18.165
6.685,7.96,1.25,0.952,0.756,4.4274,10.821
6.685,7.96,1.25,1.429,0.756,10.9839,5.934
2.89,2.68,1.237,0.238,0.756,0.1186,268.457
2.89,2.68,1.237,0.476,0.756,0.8806,38.935
2.89,2.68,1.237,0.714,0.756,2.5123,16.144
2.89,2.68,1.237,0.952,0.756,5.0211,9.58
2.89,2.68,1.237,1.429,0.756,12.5196,5.201
2.89,4.45,1.237,0.238,0.756,0.2477,136.998
2.89,4.45,1.237,0.476,0.756,1.6694,24.121
2.89,4.45,1.237,0.714,0.756,4.7361,10.115
2.89,4.45,1.237,0.952,0.756,9.0544,6.56
2.89,4.45,1.237,1.429,0.756,21.4985,3.927
2.89,7.96,1.237,0.476,0.756,3.1792,13.917
2.89,7.96,1.237,0.714,0.756,7.9363,7.537
2.89,7.96,1.237,0.952,0.756,14.9683,5.022
2.89,7.96,1.237,1.429,0.756,34.2811,3.232
1.35,2.68,1.224,0.238,0.756,0.5152,65.04
1.35,2.68,1.224,0.476,0.756,3.2858,12.795
1.35,2.68,1.224,0.714,0.756,8.3052,6.759
1.35,2.68,1.224,0.952,0.756,15.4316,4.641
1.35,2.68,1.224,1.429,0.756,35.9019,2.894
1.35,4.45,1.224,0.238,0.756,1.0276,36.229
1.35,4.45,1.224,0.476,0.756,5.7541,9.244
1.35,4.45,1.224,0.714,0.756,14.6436,4.817
1.35,4.45,1.224,0.952,0.756,26.3094,3.537
1.35,4.45,1.224,1.429,0.756,58.8895,2.383
1.35,7.96,1.224,0.476,0.756,10.1553,6.197
1.35,7.96,1.224,0.714,0.756,23.4366,3.927
1.35,7.96,1.224,0.952,0.756,41.9655,2.903
1.35,7.96,1.224,1.429,0.756,90.1672,2.122
6.685,2.68,1.25,0.229,0.874,0.0243,1066.855
6.685,2.68,1.25,0.458,0.874,0.1864,144.613
6.685,2.68,1.25,0.687,0.874,0.5938,48.081
6.685,2.68,1.25,0.916,0.874,1.3145,23.253
6.685,2.68,1.25,1.145,0.874,2.3438,14.286
6.685,4.45,1.25,0.229,0.874,0.0542,477.804
6.685,4.45,1.25,0.458,0.874,0.3978,71.01
6.685,4.45,1.25,0.687,0.874,1.2183,25.555
6.685,4.45,1.25,0.916,0.874,2.6193,13.105
6.685,4.45,1.25,1.145,0.874,4.5356,8.537
6.685,7.96,1.25,0.229,0.874,0.1164,217.275
6.685,7.96,1.25,0.458,0.874,0.8145,35.523
6.685,7.96,1.25,0.687,0.874,2.3438,14.479
6.685,7.96,1.25,0.916,0.874,4.8277,8.089
6.685,7.96,1.25,1.145,0.874,8.1023,5.609
2.89,2.68,1.237,0.229,0.874,0.1328,190.262
2.89,2.68,1.237,0.458,0.874,0.9316,30.922
2.89,2.68,1.237,0.687,0.874,2.6939,12.481
2.89,2.68,1.237,0.916,0.874,5.485,7.136
2.89,2.68,1.237,1.145,0.874,9.2212,4.931
2.89,4.45,1.237,0.229,0.874,0.2825,93.559
2.89,4.45,1.237,0.458,0.874,1.8325,17.794
2.89,4.45,1.237,0.687,0.874,5.0192,8.005
2.89,4.45,1.237,0.916,0.874,10.0189,4.762
2.89,4.45,1.237,1.145,0.874,16.414,3.465
2.89,7.96,1.237,0.229,0.874,0.5693,48.214
2.89,7.96,1.237,0.458,0.874,3.3553,11.106
2.89,7.96,1.237,0.687,0.874,8.7028,5.571
2.89,7.96,1.237,0.916,0.874,16.9412,3.485
2.89,7.96,1.237,1.145,0.874,27.1606,2.648
1.35,2.68,1.224,0.229,0.874,0.5826,45.22
1.35,2.68,1.224,0.458,0.874,3.4969,10.041
1.35,2.68,1.224,0.687,0.874,9.2018,4.894
1.35,2.68,1.224,0.916,0.874,17.5332,3.195
1.35,2.68,1.224,1.145,0.874,28.3305,2.39
1.35,4.45,1.224,0.229,0.874,1.17,24.841
1.35,4.45,1.224,0.458,0.874,6.4431,6.553
1.35,4.45,1.224,0.687,0.874,16.1556,3.518
1.35,4.45,1.224,0.916,0.874,30.1842,2.389
1.35,4.45,1.224,1.145,0.874,48.2369,1.827
1.35,7.96,1.224,0.229,0.874,2.2197,14.412
1.35,7.96,1.224,0.458,0.874,11.1689,4.554
1.35,7.96,1.224,0.687,0.874,26.7875,2.672
1.35,7.96,1.224,0.916,0.874,49.0486,1.889
1.35,7.96,1.224,1.145,0.874,76.8235,1.504
6.685,2.68,1.25,0.531,0.471,0.1646,289.686
6.685,2.68,1.25,1.063,0.471,1.1492,47.541
6.685,2.68,1.25,1.594,0.471,3.0709,22.468
6.685,4.45,1.25,0.531,0.471,0.3895,115.782
6.685,4.45,1.25,1.063,0.471,2.1168,31.352
6.685,4.45,1.25,1.594,0.471,5.4673,15.863
6.685,7.96,1.25,0.531,0.471,0.7342,68.312
6.685,7.96,1.25,1.063,0.471,3.8667,19.703
6.685,7.96,1.25,1.594,0.471,9.3251,11.434
2.89,2.68,1.237,0.531,0.471,0.8202,62.324
2.89,2.68,1.237,1.063,0.471,4.597,15.874
2.89,2.68,1.237,1.594,0.471,10.7298,9.834
2.89,4.45,1.237,0.531,0.471,1.7064,32.063
2.89,4.45,1.237,1.063,0.471,7.5656,13.049
2.89,4.45,1.237,1.594,0.471,17.6162,8.123
2.89,7.96,1.237,0.531,0.471,2.8906,23.382
2.89,7.96,1.237,1.063,0.471,12.6053,9.836
2.89,7.96,1.237,1.594,0.471,27.9936,6.731
1.35,2.68,1.224,0.531,0.471,2.9225,22.462
1.35,2.68,1.224,1.063,0.471,13.479,8.448
1.35,2.68,1.224,1.594,0.471,29.3475,6.014
1.35,4.45,1.224,0.531,0.471,5.5866,13.62
1.35,4.45,1.224,1.063,0.471,21.0327,7.687
1.35,4.45,1.224,1.594,0.471,44.8739,5.7
1.35,7.96,1.224,0.531,0.471,8.8479,11.338
1.35,7.96,1.224,1.063,0.471,33.3716,6.376
1.35,7.96,1.224,1.594,0.471,66.9087,5.353
2.088,1.414,1.24,0.28,0.638,0.028,1860.373
2.088,1.667,1.24,0.227,0.602,0.0357,1467.404
2.088,1.658,1.24,0.233,0.761,0.0567,618.747
2.088,1.477,1.24,0.244,0.788,0.0629,330.708
2.088,1.889,1.24,0.218,0.806,0.0933,286.848
2.088,1.467,1.24,0.288,0.866,0.0987,210.303
2.088,1.6,1.24,0.218,0.87,0.103,132.443
2.088,1.763,1.24,0.264,0.708,0.113,280.399
2.088,1.478,1.24,0.353,0.749,0.1146,301.303
2.088,1.895,1.24,0.246,0.677,0.1316,209.153
2.088,1.889,1.24,0.258,0.87,0.1623,158.194
2.088,1.563,1.24,0.377,0.732,0.1634,244.463
2.088,1.473,1.24,0.438,0.727,0.1756,240.806
2.088,1.521,1.24,0.378,0.674,0.1773,181.858
2.088,2.114,1.24,0.271,0.812,0.2203,133.382
2.088,1.957,1.24,0.245,0.857,0.2713,53.208
2.088,1.552,1.24,0.426,0.673,0.2769,118.628
2.088,1.897,1.24,0.289,1,0.2779,76.761
2.088,2.188,1.24,0.268,0.781,0.2872,82.193
2.088,2.137,1.24,0.306,0.88,0.3166,95.348
2.088,1.515,1.24,0.411,0.749,0.3261,67.722
2.088,2.008,1.24,0.276,0.868,0.338,52.462
2.088,2.172,1.24,0.338,0.501,0.3417,115.054
2.088,2.039,1.24,0.314,0.97,0.3597,71.171
2.088,2.086,1.24,0.335,0.784,0.3624,90.114
2.088,2.15,1.24,0.299,1,0.3754,64.102
2.088,1.903,1.24,0.374,0.604,0.3775,90.628
2.088,2.005,1.24,0.306,0.957,0.3843,55.183
2.088,1.676,1.24,0.435,0.679,0.4176,76.859
2.088,2.27,1.24,0.315,0.809,0.42,67.674
2.088,1.975,1.24,0.344,0.917,0.4216,62.655
2.088,1.465,1.24,0.502,0.689,0.4305,58.074
2.088,2.01,1.24,0.302,1,0.4355,41.71
2.088,2.095,1.24,0.342,0.628,0.4446,64.654
2.088,2.119,1.24,0.341,0.903,0.4675,59.421
2.088,1.913,1.24,0.371,0.753,0.4814,55.19
2.088,2.512,1.24,0.315,0.856,0.4883,61.867
2.088,1.399,1.24,0.563,0.691,0.4999,43.408
2.088,2.123,1.24,0.434,0.559,0.5136,102.125
2.088,1.564,1.24,0.491,0.715,0.5266,52.062
2.088,2.446,1.24,0.337,0.93,0.5714,52.579
2.088,2.114,1.24,0.383,0.757,0.5798,54.284
2.088,2.151,1.24,0.409,0.667,0.5901,66.651
2.088,1.624,1.24,0.516,0.723,0.5978,55.523
2.088,2.073,1.24,0.395,0.809,0.5989,53.42
2.088,2.478,1.24,0.353,0.827,0.6365,49.935
2.088,2.26,1.24,0.378,1,0.7368,37.826
2.088,2.305,1.24,0.38,0.866,0.7396,39.633
2.088,2.356,1.24,0.382,0.795,0.7451,41.857
2.088,1.749,1.24,0.498,0.672,0.7474,42.05
2.088,1.729,1.24,0.489,0.787,0.7552,37.574
2.088,1.672,1.24,0.487,0.835,0.7725,31.322
2.088,1.668,1.24,0.51,0.663,0.7876,34.372
2.088,2.078,1.24,0.426,0.797,0.8296,35.037
2.088,2.1,1.24,0.412,0.913,0.8328,32.36
2.088,2.448,1.24,0.388,0.732,0.8404,37.233
2.088,1.804,1.24,0.525,0.686,0.9012,37.669
2.088,2.167,1.24,0.458,0.818,1.0246,31.596
2.088,1.701,1.24,0.527,0.68,1.0386,23.364
2.088,2.233,1.24,0.445,0.843,1.0916,27.342
2.088,2.818,1.24,0.374,0.983,1.1326,23.863
2.088,2.167,1.24,0.451,0.855,1.1388,24.402
2.088,1.933,1.24,0.526,0.829,1.2137,25.507
2.088,1.945,1.24,0.546,0.684,1.218,28.913
2.088,2,1.24,0.528,0.592,1.2878,25.143
2.088,2.367,1.24,0.475,0.776,1.3031,26.502
2.088,2.167,1.24,0.497,0.847,1.3261,24.052
2.088,2.139,1.24,0.502,0.621,1.3743,22.479
2.088,2.073,1.24,0.561,0.61,1.4112,27.573
2.088,2.3,1.24,0.466,0.937,1.4801,18.248
2.088,2.049,1.24,0.557,0.601,1.4815,23.688
2.088,2.4,1.24,0.488,0.876,1.6197,19.117
2.088,1.87,1.24,0.581,0.744,1.6321,17.325
2.088,2.694,1.24,0.473,0.797,1.6622,20.668
2.088,2.167,1.24,0.556,0.757,1.6851,20.896
2.088,2.626,1.24,0.475,0.775,1.7097,18.849
2.088,2.4,1.24,0.526,0.812,1.8982,17.446
2.088,2.2,1.24,0.607,0.746,2.1035,18.099
2.088,1.931,1.24,0.664,0.671,2.252,14.887
2.088,1.954,1.24,0.701,0.736,2.5307,14.348
2.088,2.164,1.24,0.725,0.58,2.6143,19.153
2.088,2.185,1.24,0.694,0.761,2.772,15.338
2.088,2.367,1.24,0.624,0.796,2.7915,13.071
2.088,2.367,1.24,0.634,0.851,2.8371,13.284
2.088,3.033,1.24,0.553,0.746,2.9508,12.913
2.088,2.295,1.24,0.657,0.845,3.1093,11.53
2.088,1.5,1.24,1.018,0.514,3.3781,9.081
2.088,2.026,1.24,0.764,0.677,3.4178,11.189
2.088,2.467,1.24,0.669,0.862,3.5702,10.701
2.088,2.022,1.24,0.818,0.556,3.6606,11.925
2.088,1.937,1.24,0.822,0.707,3.6769,10.68
2.088,2.6,1.24,0.659,0.78,3.7072,10.515
2.088,2.201,1.24,0.808,0.691,4.3145,10.146
2.088,2.098,1.24,0.823,0.717,4.3941,9.224
2.088,2.567,1.24,0.705,0.827,4.4739,8.621
2.088,2.4,1.24,0.757,0.893,4.7003,8.489
0.1499,1.304,1.17,0.236,0.822,4.7285,5.297
2.088,2.567,1.24,0.773,0.83,4.9067,9.455
0.1499,1.414,1.17,0.28,0.638,5.3906,12.508
2.088,2.037,1.24,0.956,0.679,5.5213,8.525
2.088,1.815,1.24,1.036,0.748,5.6825,7.399
2.088,2.033,1.24,0.971,0.782,6.1651,7.116
0.1499,1.658,1.17,0.233,0.761,6.5433,9.817
0.1499,1.477,1.17,0.244,0.788,6.6714,6.825
2.088,2.31,1.24,1.036,0.79,8.3689,6.315
0.1499,1.6,1.17,0.218,0.87,8.3925,4.305
0.1499,1.895,1.17,0.246,0.677,8.4684,10.19
0.1499,1.467,1.17,0.288,0.866,8.5262,6.598
0.1499,1.478,1.17,0.353,0.749,12.0562,6.31
0.1499,1.563,1.17,0.377,0.732,13.9293,7.387
0.1499,1.889,1.17,0.258,0.87,14.8909,3.792
0.1499,1.521,1.17,0.378,0.674,15.2494,5.524
0.1499,1.957,1.17,0.245,0.857,16.4676,2.891
0.1499,2.114,1.17,0.271,0.812,17.3665,4.235
0.1499,2.008,1.17,0.276,0.868,19.0019,3.306
0.1499,1.515,1.17,0.411,0.749,19.5276,4.258
0.1499,2.082,1.17,0.272,1,20.2657,3.05
0.1499,1.473,1.17,0.438,0.727,21.0832,3.89
0.1499,1.897,1.17,0.289,1,21.315,2.631
0.1499,2.172,1.17,0.338,0.501,21.6839,5.614
0.1499,2.137,1.17,0.306,0.88,22.2856,3.79
0.1499,1.552,1.17,0.426,0.673,22.5716,3.942
0.1499,1.903,1.17,0.374,0.604,23.9586,4.534
0.1499,2.039,1.17,0.314,0.97,26.6708,2.571
0.1499,2.086,1.17,0.335,0.784,26.938,3.226
0.1499,2.005,1.17,0.306,0.957,27.4435,2.156
0.1499,2.27,1.17,0.315,0.809,27.8924,2.997
0.1499,2.095,1.17,0.342,0.628,28.1824,3.18
0.1499,2.15,1.17,0.299,1,28.2578,2.227
0.1499,1.676,1.17,0.435,0.679,28.5721,3.456
0.1499,2.01,1.17,0.302,1,29.6608,1.791
0.1499,1.975,1.17,0.344,0.917,30.8511,2.338
0.1499,1.913,1.17,0.371,0.753,31.7026,2.561
0.1499,2.119,1.17,0.341,0.903,32.7948,2.382
0.1499,2.512,1.17,0.315,0.856,34.3013,2.422
0.1499,2.073,1.17,0.395,0.809,37.3904,2.713
0.1499,1.399,1.17,0.563,0.691,37.4894,1.968
0.1499,2.114,1.17,0.383,0.757,37.5712,2.551
0.1499,2.446,1.17,0.337,0.93,38.2273,2.276
0.1499,1.465,1.17,0.502,0.689,39.0113,1.659
0.1499,1.624,1.17,0.516,0.723,40.8858,2.54
0.1499,2.478,1.17,0.353,0.827,41.299,2.295
0.1499,2.123,1.17,0.434,0.559,42.4676,2.946
0.1499,1.749,1.17,0.498,0.672,43.0921,2.615
0.1499,1.672,1.17,0.487,0.835,43.6919,2.062
0.1499,2.356,1.17,0.382,0.795,44.1316,2.32
0.1499,1.668,1.17,0.51,0.663,45.7924,2.144
0.1499,2.151,1.17,0.409,0.667,45.8426,2.173
0.1499,1.729,1.17,0.489,0.787,46.0911,2.094
0.1499,2.305,1.17,0.38,0.866,46.2387,1.977
0.1499,2.26,1.17,0.378,1,46.7192,1.839
0.1499,2.078,1.17,0.426,0.797,49.1387,1.976
0.1499,2.448,1.17,0.388,0.732,49.7798,2.056
0.1499,1.564,1.17,0.491,0.715,50.3777,1.248
0.1499,2.1,1.17,0.412,0.913,52.8519,1.587
0.1499,1.804,1.17,0.525,0.686,53.0709,2.221
0.1499,1.701,1.17,0.527,0.68,53.1865,1.862
0.1499,2.167,1.17,0.458,0.818,58.7284,1.89
0.1499,2.139,1.17,0.502,0.621,58.8811,2.412
0.1499,2.167,1.17,0.451,0.855,60.002,1.728
0.1499,2,1.17,0.528,0.592,60.1667,2.295
0.0172,0.927,0.81,0.321,0.794,62.2832,3.498
0.1499,2.233,1.17,0.445,0.843,63.4868,1.582
0.1499,2.818,1.17,0.374,0.983,63.4896,1.454
0.1499,1.945,1.17,0.546,0.684,66.0675,1.97
0.1499,2.167,1.17,0.497,0.847,67.6858,1.815
0.1499,1.933,1.17,0.526,0.829,68.2599,1.619
0.1499,2.367,1.17,0.475,0.776,71.5999,1.706
0.1499,1.87,1.17,0.581,0.744,71.7647,1.814
0.1499,2.049,1.17,0.557,0.601,72.2874,1.974
0.1499,2.626,1.17,0.475,0.775,75.3323,1.869
0.1499,2.3,1.17,0.466,0.937,77.7065,1.291
0.0172,0.843,0.81,0.389,0.679,78.898,1.025
0.0172,0.866,0.81,0.404,0.811,79.3307,2.012
0.1499,2.694,1.17,0.473,0.797,79.5731,1.732
0.1499,2.073,1.17,0.561,0.61,80.0147,1.698
0.1499,2.167,1.17,0.556,0.757,83.77,1.662
0.1499,2.4,1.17,0.488,0.876,86.3359,1.306
0.1499,2.4,1.17,0.526,0.812,91.0717,1.471
0.1499,1.931,1.17,0.664,0.671,92.5132,1.771
0.1499,2.2,1.17,0.607,0.746,93.4437,1.799
0.0102,1.245,1,0.224,0.689,97.3956,3.632
0.1499,2.164,1.17,0.725,0.58,99.1425,2.619
0.0172,0.892,0.81,0.325,0.773,100.3243,0.971
0.1499,2.022,1.17,0.818,0.556,111.4378,2.559
0.0172,0.865,0.81,0.391,0.831,111.9725,0.893
0.1499,1.954,1.17,0.701,0.736,112.1487,1.463
0.0172,0.937,0.81,0.306,0.71,112.203,1.015
0.1499,2.367,1.17,0.634,0.851,119.9348,1.445
0.1499,2.026,1.17,0.764,0.677,125.7884,1.642
0.1499,2.367,1.17,0.624,0.796,126.6897,1.233
0.1499,3.033,1.17,0.553,0.746,129.3117,1.281
0.1499,2.295,1.17,0.657,0.845,131.1122,1.265
0.1499,1.5,1.17,1.018,0.514,138.0511,1.239
0.1499,1.937,1.17,0.822,0.707,139.5015,1.489
0.1499,2.467,1.17,0.669,0.862,142.8646,1.293
0.1499,2.201,1.17,0.808,0.691,150.9837,1.625
0.1499,2.6,1.17,0.659,0.78,151.2992,1.216
0.0172,0.951,0.81,0.342,0.86,152.1923,0.864
0.0172,1.02,0.81,0.399,0.788,166.6642,1.713
0.1499,2.098,1.17,0.823,0.717,166.7629,1.265
0.1499,1.815,1.17,1.036,0.748,180.4959,1.497
0.1499,2.567,1.17,0.773,0.83,181.6632,1.33
0.1499,2.037,1.17,0.956,0.679,193.8273,1.374
0.0172,0.981,0.81,0.481,0.692,195.1145,1.768
0.1499,2.567,1.17,0.705,0.827,200.4553,0.828
0.0102,1.304,1,0.236,0.822,201.5013,1.24
0.1499,2.033,1.17,0.971,0.782,206.4711,1.26
0.0102,1.667,1,0.227,0.602,220.0313,2.024
0.0172,1.14,0.81,0.396,0.855,234.3774,1.333
0.0172,1.227,0.81,0.415,0.69,251.4251,1.693
0.0172,1.379,0.81,0.346,0.821,277.1546,1.106
0.0102,1.6,1,0.218,0.87,281.8702,0.986
0.1499,2.31,1.17,1.036,0.79,296.1587,0.983
0.0102,1.658,1,0.233,0.761,298.7096,1.175
0.0172,0.986,0.81,0.488,0.797,305.6537,0.777
0.0102,1.477,1,0.244,0.788,314.4844,0.886
0.0172,1.26,0.81,0.429,0.672,315.4683,1.278
0.0102,1.889,1,0.218,0.806,320.0944,1.125
0.0102,1.414,1,0.28,0.638,334.9524,1.021
0.0102,1.763,1,0.264,0.708,353.4795,1.406
0.0102,1.488,1,0.267,0.708,369.1451,0.861
0.0102,1.895,1,0.246,0.677,370.2125,1.216
0.0172,1.209,0.81,0.453,0.862,380.4234,0.921
0.0172,1.189,0.81,0.468,0.857,405.0441,0.851
0.0172,1.21,0.81,0.487,0.741,406.2173,1.001
0.0102,1.889,1,0.258,0.87,413.1665,1.125
0.0102,1.467,1,0.288,0.866,437.244,0.732
0.0102,1.277,1,0.391,0.8,459.0094,0.988
0.0172,1.292,0.81,0.509,0.727,461.9249,1.067
0.0102,2.172,1,0.338,0.501,462.8955,2.66
0.0102,2.114,1,0.271,0.812,474.3009,1.237
0.0102,1.957,1,0.245,0.857,475.3393,0.779
0.0102,1.478,1,0.353,0.749,484.3167,1.126
0.0102,2.008,1,0.276,0.868,503.5557,1.046
0.0172,1.697,0.81,0.452,0.761,517.0524,1.102
0.0102,2.188,1,0.268,0.781,544.2822,0.968
0.0102,2.137,1,0.306,0.88,550.497,1.349
0.0102,2.005,1,0.306,0.957,582.1312,1.065
0.0102,1.521,1,0.378,0.674,592.9227,1.006
0.0102,2.082,1,0.272,1,603.2626,0.754
0.0102,1.515,1,0.411,0.749,606.9199,1.219
0.0102,1.897,1,0.289,1,610.5112,0.731
0.0102,1.563,1,0.377,0.732,616.8757,1
0.0102,2.095,1,0.342,0.628,623.2105,1.422
0.0102,2.15,1,0.299,1,651.5647,0.908
0.0102,2.039,1,0.314,0.97,654.408,0.943
0.0102,1.552,1,0.426,0.673,667.2371,1.208
0.0102,2.27,1,0.315,0.809,673.287,1.096
0.0102,2.086,1,0.335,0.784,700.8434,1.043
0.0102,1.676,1,0.435,0.679,701.6379,1.416
0.0102,1.903,1,0.374,0.604,705.2648,1.191
0.0102,2.119,1,0.341,0.903,715.1294,1.091
0.0102,1.465,1,0.502,0.689,717.2758,1.436
0.0102,2.01,1,0.302,1,727.8622,0.66
0.0102,1.913,1,0.371,0.753,752.1804,1.033
0.0102,2.123,1,0.434,0.559,754.2895,2.032
0.0102,1.975,1,0.344,0.917,760.8987,0.86
0.0102,1.749,1,0.498,0.672,779.5225,1.912
0.0102,2.512,1,0.315,0.856,815.7983,0.89
0.0102,1.624,1,0.516,0.723,827.9806,1.575
0.0102,1.473,1,0.438,0.727,830.5071,0.726
0.0102,2.073,1,0.395,0.809,836.1801,1.191
0.0102,2.478,1,0.353,0.827,848.226,1.135
0.0102,2.446,1,0.337,0.93,858.9209,0.943
0.0102,1.399,1,0.563,0.691,883.8372,1.148
0.0102,2.114,1,0.383,0.757,949.4363,0.87
0.0102,2.139,1,0.502,0.621,953.7695,1.996
0.0102,2.448,1,0.388,0.732,966.3755,1.141
0.0102,2.356,1,0.382,0.795,966.5411,1.021
0.0102,1.672,1,0.487,0.835,1024.1475,0.93
0.0102,2.078,1,0.426,0.797,1026.108,0.994
0.0102,1.701,1,0.527,0.68,1039.6147,1.19
0.0102,2.1,1,0.412,0.913,1080.9714,0.829
0.0102,2.26,1,0.378,1,1081.5541,0.732
0.0102,1.564,1,0.491,0.715,1087.1819,0.711
0.0102,1.668,1,0.51,0.663,1115.398,0.897
0.0102,1.729,1,0.489,0.787,1117.0512,0.86
0.0102,2.233,1,0.445,0.843,1149.4104,1.034
0.0102,2.151,1,0.409,0.667,1154.481,0.742
0.0102,2.305,1,0.38,0.866,1155.8816,0.671
0.0102,2.167,1,0.497,0.847,1163.7832,1.327
0.0102,2.073,1,0.561,0.61,1166.791,1.753
0.0102,1.933,1,0.526,0.829,1168.212,1.249
0.0102,2.167,1,0.458,0.818,1180.9563,1.01
0.0102,2.818,1,0.374,0.983,1199.8524,0.829
0.0102,2.167,1,0.451,0.855,1215.6626,0.91
0.0102,1.804,1,0.525,0.686,1221.2355,0.983
0.0102,1.247,1,0.924,0.556,1261.4812,1.537
0.0102,2.626,1,0.475,0.775,1268.0188,1.359
0.0102,2.2,1,0.607,0.746,1286.0348,2.043
0.0102,1.945,1,0.546,0.684,1291.6612,1.161
0.0102,2.049,1,0.557,0.601,1347.2093,1.253
0.0102,2,1,0.528,0.592,1360.9071,0.998
0.0102,2.694,1,0.473,0.797,1384.5355,1.174
0.0102,2.4,1,0.488,0.876,1449.5163,0.973
0.0102,1.931,1,0.664,0.671,1459.5043,1.609
0.0102,2.367,1,0.475,0.776,1502.5693,0.817
0.0102,1.87,1,0.581,0.744,1537.7691,0.907
0.0102,2.167,1,0.556,0.757,1613.5131,0.968
0.0102,2.3,1,0.466,0.937,1616.5123,0.634
0.0102,2.4,1,0.526,0.812,1705.2291,0.881
0.0102,2.185,1,0.694,0.761,1828.1752,1.492
0.0102,2.022,1,0.818,0.556,1901.7494,1.947
0.0102,1.954,1,0.701,0.736,1925.4521,1.116
0.0102,2.026,1,0.764,0.677,1956.6461,1.502
0.0102,2.164,1,0.725,0.58,1962.0915,1.446
0.0102,1.5,1,1.018,0.514,1995.4651,1.665
0.0102,2.367,1,0.624,0.796,2087.1425,0.958
0.0102,3.033,1,0.553,0.746,2182.1987,0.906
0.0102,2.295,1,0.657,0.845,2190.3578,0.963
0.0102,2.367,1,0.634,0.851,2195.2349,0.909
0.0102,2.071,1,0.756,0.658,2224.2595,1.177
0.0102,1.937,1,0.822,0.707,2256.0613,1.285
0.0102,1.614,1,1.122,0.53,2290.4155,2.079
0.0102,2.467,1,0.669,0.862,2294.1771,1.047
0.0102,2.6,1,0.659,0.78,2340.8129,1.049
0.0102,2.201,1,0.808,0.691,2389.908,1.395
0.0102,2.4,1,0.757,0.893,2650.1694,1.089
0.0102,2.037,1,0.956,0.679,2678.0091,1.59
0.0102,2.567,1,0.705,0.827,2751.1845,0.91
0.0102,2.567,1,0.773,0.83,2897.6024,1.082
0.0102,1.815,1,1.036,0.748,2935.7822,1.322
0.0102,2.098,1,0.823,0.717,3105.9824,0.797
0.0102,2.033,1,0.971,0.782,3347.6233,1.06
0.0102,1.897,1,1.301,0.566,3936.6867,1.601
0.0102,2.31,1,1.036,0.79,4423.2571,0.935
0.0102,2.014,1,1.487,0.661,4768.0067,1.843
0.0102,2.011,1,1.496,0.549,5212.8367,1.566
0.0102,1.823,1,1.821,0.837,6534.9714,1.464
0.0102,2.03,1,1.612,0.999,6548.966,1.265
0.0102,1.921,1,1.875,0.992,7160.9495,1.488
0.0102,1.959,1,1.981,0.662,7270.4604,1.772
0.0102,2.683,1,1.801,0.661,7680.2468,2.095
0.0102,2.167,1,1.958,0.57,8240.797,1.621
0.0102,2.409,1,1.708,0.421,8594.8375,1.195
0.0102,1.967,1,2.183,0.812,8736.9701,1.656
0.0102,2.181,1,2.015,0.686,8778.9001,1.575
0.0102,2.011,1,2.297,0.626,8882.9889,1.952
0.0102,2.178,1,2.24,0.74,9821.6668,1.725
0.1487,1.1708,1.1444,0.831,0.677,12.3559,6.707
0.1487,1.1708,1.1444,0.985,0.762,16.6048,6.19
0.1487,1.1708,1.1444,1.152,0.801,25.032,4.358
0.1487,1.1708,1.1444,1.241,0.806,30.6697,3.629
0.1487,1.1708,1.1444,1.42,0.792,36.518,3.839
0.1487,1.1708,1.1444,1.563,0.768,43.3092,3.639
0.1487,1.1708,1.1444,1.684,0.742,48.3251,3.654
0.1487,1.1708,1.1444,1.789,0.719,53.1434,3.626
0.1487,1.5103,1.1444,0.831,0.677,69.0343,2.978
0.1487,1.5103,1.1444,0.985,0.762,108.2153,2.02
0.1487,1.5103,1.1444,1.152,0.801,173.3182,1.26
0.1487,1.5103,1.1444,1.241,0.806,207.5647,1.098
0.1487,1.5103,1.1444,1.42,0.792,217.9606,1.494
0.1487,1.5103,1.1444,1.563,0.768,213.6225,2.073
0.1487,1.5103,1.1444,1.684,0.742,241.6645,2.025
0.1487,1.5103,1.1444,1.789,0.719,233.8502,2.595
0.1487,2.7032,1.1444,0.831,0.677,152.0864,2.614
0.1487,2.7032,1.1444,0.985,0.762,238.8102,1.767
0.1487,2.7032,1.1444,1.152,0.801,340.9722,1.387
0.1487,2.7032,1.1444,1.241,0.806,412.7233,1.183
0.1487,2.7032,1.1444,1.42,0.792,459.7274,1.43
0.1487,2.7032,1.1444,1.563,0.768,505.9954,1.574
0.1487,2.7032,1.1444,1.684,0.742,528.4922,1.804
0.1487,2.7032,1.1444,1.789,0.719,572.2932,1.846
0.1487,1.1708,1.1444,0.674,0.742,9.0197,6.713
0.1487,1.1708,1.1444,0.883,0.784,13.5716,6.671
0.1487,1.1708,1.1444,1.069,0.802,22.9332,4.154
0.1487,1.1708,1.1444,1.241,0.806,30.3069,3.716
0.1487,1.1708,1.1444,1.401,0.803,28.66,5.984
0.1487,1.1708,1.1444,1.626,0.791,49.5727,3.125
0.1487,1.1708,1.1444,1.836,0.774,41.1441,6.533
0.1487,1.1708,1.1444,1.969,0.762,63.9636,3.337
0.1487,1.5103,1.1444,0.674,0.742,52.4177,2.755
0.1487,1.5103,1.1444,0.883,0.784,97.8064,1.78
0.1487,1.5103,1.1444,1.069,0.802,151.7441,1.315
0.1487,1.5103,1.1444,1.241,0.806,206.6099,1.108
0.1487,1.5103,1.1444,1.401,0.803,263.6118,0.98
0.1487,1.5103,1.1444,1.626,0.791,295.134,1.222
0.1487,1.5103,1.1444,1.836,0.774,328.2058,1.423
0.1487,1.5103,1.1444,1.969,0.762,340.7958,1.629
0.1487,2.7032,1.1444,0.674,0.742,145.8281,1.516
0.1487,2.7032,1.1444,0.883,0.784,222.6404,1.464
0.1487,2.7032,1.1444,1.069,0.802,332.2308,1.169
0.1487,2.7032,1.1444,1.241,0.806,412.4846,1.185
0.1487,2.7032,1.1444,1.401,0.803,489.5925,1.211
0.1487,2.7032,1.1444,1.626,0.791,557.3614,1.46
0.1487,2.7032,1.1444,1.836,0.774,601.647,1.804
0.1487,2.7032,1.1444,1.969,0.762,664.1153,1.828
21.293,3.493,1.259,1.204,0.723,0.3617,108.32
21.293,3.095,1.259,1.191,0.881,0.3507,91.721
21.293,3.333,1.259,1.277,0.856,0.4834,67.172
21.293,3.162,1.259,1.175,0.931,0.39,73.75
21.293,2.769,1.259,1.69,0.779,0.8502,36.611
21.293,3.628,1.259,1.295,0.669,0.4551,90.204
21.293,3.309,1.259,1.321,0.836,0.4978,69.222
21.293,3.622,1.259,1.279,0.787,0.4861,76.048
21.293,2.993,1.259,1.433,0.855,0.5466,61.985
21.293,3.527,1.259,1.065,0.815,0.288,120.053
21.293,3.248,1.259,1.472,0.86,0.725,43.82
21.293,2.863,1.259,1.26,0.9,0.3899,76.699
21.293,2.926,1.259,1.028,0.838,0.2146,142.778
21.293,3.502,1.259,0.678,0.855,0.0794,402.717
21.293,2.925,1.259,0.745,0.967,0.094,283.312
21.293,3.397,1.259,0.786,0.811,0.1275,232.077
21.293,3.271,1.259,1.132,0.813,0.2856,129.952
21.293,3.355,1.259,1.011,0.807,0.2626,113.965
21.293,3.805,1.259,0.844,0.7,0.1445,266.032
21.293,3.632,1.259,0.645,0.83,0.0726,438.046
21.293,3.404,1.259,0.828,0.796,0.1368,236.317
21.293,3.347,1.259,1.023,0.829,0.2411,139.464
21.293,3.375,1.259,0.677,0.853,0.0793,379.396
21.293,2.904,1.259,1.073,0.929,0.2628,107.052
21.293,3.431,1.259,0.684,0.858,0.0843,355.995
21.293,3.262,1.259,0.802,0.816,0.1336,209.953
21.293,3.72,1.259,0.922,0.762,0.1938,186.385
21.293,3.785,1.259,0.728,0.68,0.1017,342.45
21.293,2.884,1.259,0.883,0.934,0.1538,171.815
21.293,3.545,1.259,0.957,0.755,0.2085,167.655
21.293,3.491,1.259,0.888,0.836,0.1774,180.486
21.293,3.219,1.259,1.738,0.813,1.0073,36.809
21.293,3.377,1.259,1.56,0.725,0.7686,49.462
21.293,3.269,1.259,1.196,0.807,0.3862,83.739
21.293,2.954,1.259,0.974,0.963,0.2224,115.101
21.293,3.503,1.259,1.309,0.788,0.4894,76.277
21.293,3.464,1.259,0.971,0.841,0.2261,143.538
21.293,3.432,1.259,1.076,0.813,0.3021,107.635
21.293,3.297,1.259,1.25,0.876,0.4731,64.59
21.293,3.452,1.259,1.165,0.898,0.4006,78.422
21.293,3.33,1.259,1.181,0.81,0.3689,91.038
21.293,3.311,1.259,1.127,0.865,0.3437,90.379
21.293,3.009,1.259,1.002,0.78,0.1865,183.554
21.293,3.14,1.259,1.069,0.876,0.3019,91.664
21.293,3.261,1.259,0.795,0.898,0.1278,223.8
21.293,3.258,1.259,1.381,0.88,0.6243,49.079
21.293,3.402,1.259,0.889,0.859,0.1829,163.469
21.293,2.779,1.259,1.174,0.972,0.3455,74.817
21.293,3.233,1.259,1.862,0.89,1.3643,24.853
21.293,3.301,1.259,0.718,0.933,0.0992,278.982
21.293,3.259,1.259,0.734,0.942,0.1103,236.383
10.21,2.41,1.23,1.507,1,1.921,16.895
10.21,2.41,1.23,1.266,0.904,1.0705,32.23
10.21,2.41,1.23,1.096,1,0.829,34.863
10.21,2.41,1.23,1.267,0.917,1.22,24.912
10.21,2.41,1.23,1.166,0.952,0.9721,30.557
10.21,2.41,1.23,0.853,0.784,0.3453,94.803
10.21,2.41,1.23,1.117,0.983,0.8061,39.067
10.21,2.41,1.23,1.379,0.871,1.5701,19.379
10.21,2.41,1.23,1.101,1,0.7988,38.136
10.21,2.41,1.23,0.992,1,0.5972,49.767
10.21,2.41,1.23,0.954,0.846,0.5161,59.387
10.21,2.41,1.23,1.601,0.89,2.0179,18.366
10.21,2.41,1.23,1.438,0.838,1.4935,24.288
10.21,2.41,1.23,1.141,0.744,0.7338,50.197
10.21,2.41,1.23,1.302,0.789,1.2772,24.666
10.21,2.41,1.23,1.282,0.857,1.1324,29.949
10.21,2.41,1.23,0.978,0.863,0.5939,48.321
10.21,2.41,1.23,1.036,0.828,0.5581,65.091
10.21,2.41,1.23,1.045,0.949,0.685,44.32
10.21,2.41,1.23,0.875,0.946,0.4457,61.331
10.21,2.41,1.23,0.999,0.756,0.5464,60.817
10.21,2.41,1.23,0.51,0.586,0.081,367.004
10.21,2.41,1.23,0.502,0.803,0.0787,373.021
10.21,2.41,1.23,0.996,0.896,0.6154,47.481
10.21,2.41,1.23,0.551,0.74,0.1029,287.747
10.21,2.41,1.23,0.798,1,0.3491,76.023
10.21,2.41,1.23,0.827,1,0.3717,74.598
10.21,2.41,1.23,0.865,0.955,0.4167,67.82
10.21,2.41,1.23,0.914,0.969,0.5189,51.727
10.21,2.41,1.23,0.519,0.976,0.09,313.828
10.21,2.41,1.23,1.203,0.91,1.0084,31.153
10.21,2.41,1.23,1.036,0.869,0.6613,46.268
10.21,2.41,1.23,0.994,0.848,0.5786,53.49
10.21,2.41,1.23,0.87,1,0.4077,72.146
10.21,2.41,1.23,1.025,0.882,0.6063,53.353
10.21,2.41,1.23,0.862,0.936,0.3958,74.538
10.21,2.41,1.23,0.824,0.999,0.3871,67.981
10.21,2.41,1.23,0.88,0.904,0.4285,67.684
10.21,2.41,1.23,0.889,0.88,0.4326,68.333
10.21,2.41,1.23,0.92,0.922,0.45,70.045
10.21,2.41,1.23,0.767,0.902,0.2938,95.154
10.21,2.41,1.23,0.657,0.895,0.1987,130.876
10.21,2.41,1.23,0.713,0.811,0.2509,104.979
10.21,2.41,1.23,1.026,0.953,0.6775,42.883
10.21,2.41,1.23,0.933,0.797,0.5622,46.848
10.21,2.41,1.23,0.764,0.947,0.3054,86.939
10.21,2.41,1.23,0.688,0.857,0.2321,110.123
10.21,2.41,1.23,0.914,0.836,0.4602,65.63
10.21,2.41,1.23,0.599,0.829,0.1436,189.756
10.21,2.41,1.23,0.852,0.855,0.386,75.64
10.21,2.41,1.23,0.769,0.983,0.3065,88.032
10.21,2.41,1.23,0.913,0.81,0.4551,66.812
10.21,2.41,1.23,0.566,0.759,0.0948,367.701
10.21,2.41,1.23,0.608,0.781,0.1508,179.655
10.21,2.41,1.23,0.503,0.869,0.0716,453.688
10.21,2.41,1.23,0.486,0.899,0.0726,396.758
10.21,2.41,1.23,0.645,0.918,0.1586,194.559
10.21,2.41,1.23,0.574,1,0.1183,246.445
10.21,2.41,1.23,0.543,0.964,0.1119,233.008
10.21,2.41,1.23,0.584,0.943,0.1315,209.469
10.21,2.41,1.23,0.539,0.962,0.1027,271.115
10.21,2.41,1.23,0.509,0.736,0.0882,307.768
10.21,2.41,1.23,0.611,0.939,0.1362,224.061
10.21,2.41,1.23,0.458,1,0.0557,563.03
10.21,2.41,1.23,0.582,0.769,0.1157,268.335
10.21,2.41,1.23,0.57,0.835,0.1065,297.843
10.21,2.41,1.23,0.536,0.895,0.0981,290.955
10.21,2.41,1.23,0.56,0.989,0.1283,194.771
10.21,2.41,1.23,0.463,0.843,0.0635,446.759
10.21,2.41,1.23,0.443,0.907,0.0577,477.012
10.21,2.41,1.23,0.397,0.612,0.0378,798.364
10.21,2.41,1.23,0.455,0.836,0.0647,410.202
10.3,2.491,1.236,0.536,0.737,0.0885,375.872
10.3,2.486,1.236,0.586,0.693,0.1063,339.189
10.3,2.969,1.236,0.592,0.687,0.1096,456.88
10.3,2.682,1.236,0.649,0.64,0.133,341.015
10.3,2.393,1.236,0.709,0.596,0.1527,269.229
10.3,3.05,1.236,0.682,0.615,0.1564,359.094
10.3,4.855,1.236,0.607,0.798,0.1403,626.735
10.3,3.71,1.236,0.687,0.741,0.1833,363.576
10.3,3.666,1.236,0.711,0.724,0.1981,339.835
10.3,3.613,1.236,0.735,0.708,0.2205,296.251
10.3,3.475,1.236,0.765,0.688,0.2271,295.779
10.3,3.192,1.236,0.806,0.661,0.2504,248.887
10.3,4.108,1.236,0.758,0.829,0.2756,250.917
10.3,4.006,1.236,0.781,0.819,0.2969,227.723
10.3,3.076,1.236,0.87,0.774,0.3849,124.39
10.3,3.066,1.236,0.887,0.765,0.4018,120.516
10.3,2.886,1.236,0.921,0.747,0.4291,106.768
10.3,2.789,1.236,0.948,0.733,0.4518,98.681
10.3,2.797,1.236,0.962,0.726,0.4744,94.131
10.3,2.818,1.236,0.975,0.719,0.4798,96.895
10.3,2.83,1.236,0.987,0.779,0.5626,73.886
10.3,2.903,1.236,0.993,0.777,0.566,77.63
10.3,2.523,1.236,1.055,0.749,0.6335,57.318
10.3,2.509,1.236,1.07,0.742,0.6622,54.234
10.3,2.396,1.236,1.1,0.728,0.7023,47.772
10.3,2.204,1.236,1.145,0.709,0.7451,39.921
10.3,2.133,1.236,1.171,0.827,0.959,23.874
0.01,1.072,0.998,0.16,0.59,42.79,2.16
0.01,1.228,0.998,0.14,0.78,73.91,1.51
0.01,1.24,0.998,0.16,0.63,82.87,1.88
0.01,1.353,0.998,0.57,0.73,1096.19,0.71
0.01,1.257,0.998,0.15,0.62,55.54,3.7
0.01,1.374,0.998,0.33,1,453.17,0.86
0.01,1.018,0.998,0.31,0.77,59.4,2.2
0.01,1.468,0.998,0.34,0.72,604.67,0.66
0.01,1.47,1,0.16,1,101.961,2.328
0.01,1.06,1,0.18,0.94,52.941,1.57
0.01,1.12,1,0.3,0.97,167.647,1.449
0.01,1.04,1,1.48,0.96,1610.588,0.628
0.01,1.06,1,1.17,0.96,1342.059,0.671
0.01,1.05,1,0.62,0.73,358.627,1.165
